date,GGAL,BBAR,BMA,SUPV,LOMA,CRESY,TEO,MELI,BTC-USD,ETH-USD,BABA,KO,VZ,SQQQ,SH,SDOW
2023-01-02,103.59137483827587,100.86088506499522,101.99555285696388,93.49326285418617,98.35572259028737,99.7115440350599,101.4671916158859,104.51776724603197,95.3710427288588,101.55000868008639,103.02649712634206,98.57542529205527,97.89376360910519,102.75564294458106,97.66084632033507,102.82911416599268
2023-01-03,106.04567674404815,103.01559822418717,100.62991406592134,95.11971552207905,98.03041251818662,103.58166456874005,103.9843209242252,108.74248580943402,93.36955904028594,102.340484251019,101.4537848027263,99.41963840578029,97.8467773435937,103.32924904583956,94.44220001771062,102.20304829124937
2023-01-04,106.23574915655969,98.03622221016013,98.62202341740642,93.6050532343923,96.13632770048056,99.92110643689513,103.15754862145556,107.51575901891088,92.43680607106698,104.01881948614151,101.59902517616963,102.61362585094818,97.92023125574231,103.90311084565967,90.80354235828517,101.63252286057735
2023-01-05,104.56273788350099,98.98699115399012,98.64329242211296,89.4445202101322,95.42763638569845,99.92088424296234,101.62113137468675,107.1432248667938,96.93274862144098,106.83918900773644,101.75967318106977,101.50064103483982,99.11382519146706,101.13620868320015,91.77347113514452,100.6341295131258
2023-01-06,106.43589048540719,102.10280152529324,98.25396644737062,90.62214526367343,91.0426300950997,96.869903685963,98.93100978272834,106.9774217398856,98.32037240984668,107.85797263843901,100.52126358725985,99.78908971460427,95.81291423413172,101.75972628353311,91.31102882612879,99.32750711702617
2023-01-09,107.52033271921617,99.09105137914673,97.1761119729508,93.81643705319453,91.55686018730478,97.78387403157694,96.93953882445808,105.80801931871437,95.12047192696599,108.29051062703013,97.15985817286075,95.02459732374201,97.27204706582077,104.45961059125877,92.20890532183951,100.09270728040396
2023-01-10,109.98673875559011,103.35332398615824,98.91239959575398,93.52266963565928,91.58709147379773,100.00616769089761,104.3880112108041,106.35706149895645,96.31221182481941,105.96308943336138,97.97692649254691,95.29922996544316,90.94017484731555,102.32959643928172,93.84256427974687,96.4442757509092
2023-01-11,111.78072019616529,104.47302700107205,101.33351809755536,95.80603957627787,89.76212566972586,98.98940420289767,107.71962893582567,104.39114839792313,92.68554444129784,104.12429205661809,97.85696852405378,100.32085820472628,89.54620573458557,106.07128169251163,94.49613695541329,99.61262141664308
2023-01-12,114.78696299581863,102.67859030243658,101.58820219001402,99.77649983887915,91.28114642509513,92.77780767289647,104.1732068265339,101.51225225006975,95.25712340499922,107.29195466389179,99.11818434780216,101.04920668177667,88.48631534534027,105.86012913552234,96.09170868757427,97.99861247573911
2023-01-13,113.29522635910432,102.56629807041536,105.44248730590795,103.14188291522856,93.47401828265866,93.2683827745775,100.81564129265787,103.13587396629494,94.17000205264415,111.24801210136425,97.83407307100578,101.02324295062739,89.92545792278041,103.56759056629188,95.95359864147436,99.81324673206949
2023-01-16,117.12384579453932,104.03918143339774,102.50621515491758,107.49073497850108,89.8188192412587,94.32060185515728,102.06809276649184,104.80332759286266,93.97800604054251,110.62092773628433,100.89631892084587,101.8705282744409,90.00334651690117,106.21499029859723,93.17597340991676,96.72297283683747
2023-01-17,117.73918436504742,104.2683336459455,102.04174006645911,109.53650195381235,88.14880940406364,95.30735700696718,103.50519313157234,102.74781924227571,97.17424359769785,110.78145203659697,98.73841690277312,101.87284075162297,86.92170551103348,105.48780929580496,95.70162198396167,98.3833857328703
2023-01-18,124.04611578606269,105.7139231356732,100.25945619780259,109.77619319580536,86.49597175361771,98.32728535052269,104.96677615483274,105.1051749484811,94.12527460581505,108.33670329687853,103.08718709437237,99.8530911134806,84.83285838216482,107.5421933379401,94.330770770252,100.08006952169544
2023-01-19,121.96372964200421,103.33950858364167,95.71719634807013,105.49826851051955,84.51256875826488,95.75809991343513,104.33115130826542,103.4896980260905,90.92169567040192,111.59351307227669,98.70979622715723,101.96014634715111,85.28085182263173,106.79267103692733,92.17763550870819,101.07629347444653
2023-01-20,127.41160086586072,103.8091158444549,95.54821176424718,104.88274148368069,86.30928111147811,97.42965413171851,104.03565024038632,104.17802376638832,89.63166537841903,113.49948985679713,99.81849089685919,102.56800612055565,85.13798262822358,106.66506030092324,91.79607945589413,98.62402563012658
2023-01-23,128.081985062279,100.23434813724752,95.28641661625097,102.72564703632898,85.91783938161657,100.40814297799182,104.92340620757832,106.36853431385764,92.01652100455729,119.17926380957817,101.04229714059068,102.6439685409043,83.93940442380602,108.02175612533989,89.75191070014729,99.2710119350585
2023-01-24,126.05081472132338,99.98600979560226,98.99046290482457,108.48754582944797,85.37715955879418,96.07014672834579,105.18050236981509,106.31107741688433,88.61352383435079,116.62582128455963,99.08224730121543,100.2014073077774,82.9613069588474,108.84284783220843,88.84680164677452,96.4068444578697
2023-01-25,124.57251189729092,97.78122479699704,100.59411966402318,108.04396591596934,81.22979013253955,96.87000406241492,99.53361587708,107.55883624185051,82.58107972123801,115.56353944508876,100.16913772737222,103.55158888304908,84.44314923421274,103.5771540102288,89.64118826106255,95.82830669534434
2023-01-26,123.61591372228379,96.02843394647071,98.08055518509636,108.40978541299991,82.55522837310919,95.6853706114807,98.99312906608971,106.21095635028068,81.67938331076022,116.26902091152706,103.45617584380405,105.31833235984251,83.38231224586252,100.74430678250224,90.45237311433476,98.35598979650712
2023-01-27,124.97121580112282,99.0719807214427,102.76465252545125,109.94777613742033,80.06077584591637,95.51920748607787,96.9373878007218,105.72227472821562,82.8386834537386,118.19891082730291,97.90793812408171,103.90369697658386,83.22384642020128,103.14347091173973,88.47125496420932,100.3647443823873
2023-01-30,126.65341300353141,101.84269499718037,105.98179024909398,110.10071654421434,80.20487993410123,96.38198098101034,97.3921458171519,105.2111328493753,85.38766799554888,117.59860807903169,99.17601992502367,106.57085838714843,87.88967520430305,102.83415303012626,87.42533040737935,100.43297278986331
2023-01-31,124.8873116994572,103.43649711643967,107.56762632142215,114.90110798435921,80.78721990536944,95.24366958591827,104.97025707046097,103.29662064533905,84.42998858265499,115.09445879842633,93.21088250342765,105.28498642553959,84.84196334516811,101.52694621467569,89.83219117303659,98.04439665582889
2023-02-01,124.84874436044522,100.6802900181599,106.99238132609672,113.16032220809376,83.60766884046254,93.67635868134184,105.97085311329089,102.87198051186282,83.5910944145809,117.69403817841415,91.01486636708142,103.27762418130226,81.02795372712305,98.16599701431933,90.98124535975843,99.66953823096252
2023-02-02,131.75705290249883,99.91699982682205,104.48793899717879,113.74632847617711,80.94053412475792,93.78450582035836,105.17502251171055,98.99505011595697,86.06342346784223,119.87106950147736,94.82679518631055,101.36503048552075,82.65571298458508,95.58027638263157,95.8543657621884,99.7477627484895
2023-02-03,137.6133990682576,103.0245471946593,103.5512313416592,111.68797161436828,75.07795205823992,91.29705317056967,107.65922139855664,97.81627814365882,82.15773229359027,117.1915636265151,93.48560508508635,97.0039258963758,81.2895821873699,90.8965020171463,98.75412950271539,94.15447052447232
2023-02-06,139.16445864177578,103.42122429181666,106.44039898366813,108.09478193458106,75.44645302468537,88.87873233057951,108.99893137115562,97.15125744192625,81.38800836389873,121.2671498491865,90.80918791894693,98.18368002457262,80.6696104313033,90.69384564192757,101.65050899286729,96.04362185971708
2023-02-07,139.33853509869743,109.62806874946696,111.60879467660398,106.48607500585045,78.94377993293908,90.42829485388323,110.18275987426898,96.56000467750502,81.80092421424492,124.90468539527512,90.38804614977042,93.81843654912714,79.13324049511311,89.3738882075839,98.21351504189963,96.01425420880456
2023-02-08,139.79922128433145,110.7445712249615,116.03373182098986,106.41944410462013,81.4516515363205,87.89451160975716,111.90068147537362,96.00758407070387,82.7495859020363,125.36234976786862,95.2123522829915,91.00826190979838,78.64452515139318,87.26625644614671,100.1371095504406,98.97407458754873
2023-02-09,142.00257750642683,111.3109479028715,114.65867882286254,105.31498850018906,81.90426759703368,89.39771979809872,117.83970802875747,95.88821482499343,81.7261351762741,125.64975179144426,90.97799172329091,86.43222600062023,81.87563663359722,87.1439002739796,100.03425450239874,96.3296515987424
2023-02-10,138.45915809796898,110.48720316016892,111.52728494802409,103.53867614315419,80.92802604142167,90.46472163875258,114.58914552132966,97.0735678069669,81.82107639019439,127.44051833360774,88.64457901975018,86.27232388439194,83.55914304477014,87.96685045805131,98.6953790560009,89.00197715284519
2023-02-13,137.61239223956997,110.88994559745238,111.95437533175236,99.9917106302029,82.60236046597244,86.67060558234243,115.98882908715163,99.24902034040102,76.90929066989658,124.76190439772941,92.05356835808854,85.97450841710716,85.40548012907013,92.72053716955512,99.14054707480213,89.65201545267635
2023-02-14,132.0296316350502,110.50121125221861,107.14471968512467,99.81411932754742,80.64038690139313,85.24041484728549,113.36745501006588,97.67912952067068,75.67671170848087,124.89307148462296,96.45853539220197,85.30076588931269,82.45927973085875,89.30816409903163,101.5416235997894,90.33498110514331
2023-02-15,133.39397366590916,112.50854781923138,108.04627784463865,96.15790079250007,81.6309554820097,87.84978867500215,114.98735587499233,94.81312953132145,76.5625605558831,118.38574928964589,96.23830413865085,83.13110923761529,80.14405870080806,91.9621825284478,102.85184852147862,86.62236013133932
2023-02-16,135.61050676678337,115.26649062143524,107.68061413874992,98.03191013378297,82.6938554842458,85.7468431534174,112.41023708917845,92.40275428946197,74.72770006077823,121.04468144980135,93.33088973787952,80.75445630562031,74.67525527448862,94.25510337649415,100.64784528801853,84.55443209020275
2023-02-17,134.0224327441325,113.05755448590702,106.46525169035664,98.26363631249716,84.94046064881745,84.78250090689276,111.27680549337487,91.31149775859615,74.86042998807723,116.44539085148938,98.38095320416558,81.72193054883806,73.20137917969927,92.46476505335967,102.56422797505702,90.61102888998236
2023-02-20,139.4431321850463,109.38964107121542,102.33493190520248,94.77590834826663,91.03481803152931,85.79328041663291,110.49205218264386,90.53881742384011,75.72415960580065,120.94161527560811,102.41244926993616,80.62901685427912,74.99577973117911,92.96364962263394,100.9726338529887,89.94835497052627
2023-02-21,135.2754029112843,104.5129578846827,103.68848656368898,94.07431158151749,91.95988489867798,87.51633392200476,113.254671210654,88.83926972704678,75.10097405967205,119.98358099928828,104.19685586373298,81.29362119274049,75.99408471773606,91.93370516292174,101.55155556743216,91.6346656797933
2023-02-22,130.45174000551617,105.88047311821754,102.34746682647078,92.34957536694685,90.82443502472886,86.99381091234154,115.92000851917432,86.03256284272278,75.44433677829406,119.38615433204434,102.13259255169724,79.53811464031287,75.59708112799292,92.3891858691458,100.81456653410447,90.18319943539335
2023-02-23,131.22516249674646,103.03066688192668,99.42719231626232,93.11734493784203,90.79361827308502,85.72969134062386,112.3992693611819,85.08262486701203,73.67229473120481,117.56247403668667,102.03808873661427,79.92293874740135,75.57761684959848,95.97024649501562,100.29453412014244,85.61714697516788
2023-02-24,134.74607791848985,97.6612068091926,92.56573913700409,96.31959072767994,86.89166407481125,88.85967755900333,112.58751044341902,85.49505235799685,73.31472877723611,116.7539716477192,101.66033024531245,82.59464564373603,74.3094423200574,97.46354073599413,102.26497843397169,85.27907570884375
2023-02-27,140.5819081823149,98.64414514367974,92.52984238279697,91.93597590576188,85.42119661346177,92.83567181183561,110.64106282875206,86.80239763052555,74.46408519616976,121.00504004515078,102.5354346927942,83.83905933287508,74.71321614324411,98.74034000201948,99.6697708162328,84.74010701332425
2023-02-28,139.0200529738037,105.0192712317982,96.7506937821319,92.22839663704686,84.57698739056168,95.16406592065331,107.24636567271672,85.62682989825957,74.77931095932242,113.74248407493872,106.35509827143854,83.00398803570044,76.18038054757487,97.71312044572153,104.66788176660822,83.92235717688614
2023-03-01,142.86286863372843,105.03483909928921,100.88376203323163,91.88747703823104,83.50111649796615,95.39587755313423,106.69808861083747,84.77271397658464,73.71291147931153,117.46743147581549,108.75187434082028,83.56448669380417,73.18619327582758,94.18250350668254,100.03950466978158,83.70728671109266
2023-03-02,142.7682230986468,107.29202960073863,99.76740998272417,93.47072210779122,83.84491771475136,93.51564254501449,105.91015864322758,82.856174235352,74.14950431285772,118.4998510084038,105.89356683460136,83.08814233475785,73.7586280527209,93.72104102006608,98.58542809405782,84.28742952866563
2023-03-03,142.19606082369813,107.54400357502105,98.3061191733538,93.99843849976135,82.16327092631357,91.62165133947133,112.56818049540966,82.81591763589142,75.5087564049258,115.01196449803639,109.63393082973471,83.12944778879721,75.52085556028234,96.62020928801304,99.5319561405082,83.99689334708717
2023-03-06,145.41595833105907,107.31064559237366,99.49482488449385,92.27552488179298,84.5238838193283,92.8541947715203,113.82737911901177,81.10215793088464,71.75805380105432,111.9949019817116,110.52870024574595,82.48023826574658,74.76361554717677,93.02876336255204,101.02687938949838,81.40849754441042
2023-03-07,147.85120341854395,109.83780417531108,97.07132286897163,91.56989759023736,84.54968246912351,93.85869628163286,110.0068509299387,82.29725589114622,73.88995915820365,116.82337489756091,112.47734941736294,82.16671954197928,76.10765558141387,90.63418815729896,100.80366569413322,82.42874966684363
2023-03-08,142.18038691428427,109.07632936237717,97.8358224911997,89.79254394740924,84.55538908645923,97.2349665613761,108.49708377071188,78.72738816581078,73.29340114957687,114.12855698989739,116.71270290867959,82.62833679391893,81.68049384127538,90.94802486398854,100.68934184062736,78.53151317119173
2023-03-09,147.57109955766558,109.84087355293535,99.7575557806959,92.26843688531412,83.89025393528065,98.85870785846282,111.3365813088397,78.04615326783184,74.09942910797739,110.91806140241938,113.54802533195709,80.62580138009899,81.49214620840978,88.76317059215421,101.75863703117042,74.62988643770836
2023-03-10,152.79732566600362,110.7610479317326,102.89572848670711,92.34530923400548,84.24162948080874,95.24139129633004,117.33920715270042,78.65947114992461,76.37374620208591,114.1512823384796,113.48041178524184,78.62751831804151,82.32207735385302,87.04791656948906,101.2028550701434,76.04464194406675
2023-03-13,150.47144122133545,108.95913440329439,102.66921123566573,96.86949683037963,86.02316905359812,97.80867947335892,112.81162179243975,79.04552139050398,73.82128898117311,115.15608035170477,112.01624157603487,75.9676946971434,80.84129399081638,86.156789291426,104.82124806618639,77.0377890725061
2023-03-14,152.01335748737264,111.72873861780417,102.17841326975028,96.75172476722008,84.20366201583002,95.42702360020627,107.66464466781125,84.57593317031608,72.54529558945659,112.5210470694787,107.7428521274521,73.01036391659069,81.23280583201566,83.28998655786548,107.07614618123205,76.95040970062955
2023-03-15,153.94865686572354,111.2744823631775,99.99006892815119,95.08183954363855,82.85445381073359,94.54373416054723,112.85404916718527,85.34439265695646,72.04546774247562,113.16601655576903,108.7134083775509,70.8432248739408,82.19758885030595,81.31051031800406,109.4711272812096,74.33448469901997
2023-03-16,155.001685955799,109.22460233394882,97.97367905129491,91.57837195883573,82.25238196037475,95.16550445284541,113.99285124164706,83.25376757074477,70.6687578724877,110.33399641586816,115.79299284251259,71.14755058674623,82.62373826354212,82.7778889714726,106.89071085508624,73.05241508628775
2023-03-17,152.92970404833213,110.73268793838933,97.4497527926484,87.56808787508538,79.55475893153569,100.06392334281261,111.57850453757518,83.08023085940499,73.8234913917346,113.44664422553106,110.62013321639795,69.59802635770883,80.56824944526059,80.14013099360122,106.71078254650503,72.5959060458361
2023-03-20,150.42848385976743,108.30565628538787,98.37837629996548,84.19312266359256,77.9653213422968,108.18656376643978,113.11377231923882,79.49551614895866,72.28073902539617,116.53211562130903,110.56406133484933,70.51860471107395,81.0092777881614,77.02499167522288,105.94399011046673,69.7774701520411
2023-03-21,150.37751953619656,108.4145071136171,100.68135639512117,84.78269093307493,77.065723351941,109.87301123289586,105.93232569685436,79.35929867645052,71.30518321669332,118.12779661193507,112.38254894810117,70.60100752808596,84.05056543323764,75.84405405733902,103.3447539587723,68.52067085291216
2023-03-22,154.8980493927612,108.42231595880038,98.70949759885352,85.89361805594223,78.79254118176665,109.403768907632,105.9730526031282,77.74694240227056,71.69196996715625,119.23646080383097,112.76270128073963,67.2308224643473,85.02407751736433,77.2678687321473,104.31077135406322,69.66818257272021
2023-03-23,157.06459573307092,111.43944216292621,102.49339761305461,82.58926956201982,79.33523620992393,110.90877109067416,106.87718488200635,79.57054456062667,69.59028736872291,124.64108538053394,112.47797454622798,68.36125382656928,87.11979809010707,76.91148031711641,102.94897586528602,72.22067459102678
2023-03-24,155.6627487756214,112.80365934779124,101.83158212086774,84.48345543208295,79.74404901182115,113.43152682253958,109.40834030535267,78.50838813434669,68.92596727258025,124.677505613754,108.91600747700758,69.78200480709532,86.63109898328129,76.04616783211443,104.68109952514348,71.48877810257679
2023-03-27,158.74263896690127,112.76692811390363,101.80773775284958,83.49436922883439,81.48301286302268,112.55957942235844,106.70198109187493,78.30303210113921,69.49600869271552,121.08388807487998,109.58458098272787,68.08994820920414,88.29702082068387,76.15339011523032,101.94809306278181,72.87551391303396
2023-03-28,147.87549984363187,115.13061461049081,99.95357404229298,83.82648607493891,81.22802090557335,117.76168459725965,106.96288489031842,77.09183552651825,68.94077563738125,122.4889036065433,107.56309232203114,68.82963458484322,88.94231946301736,72.92320575262261,106.45685732484091,69.49127428697348
2023-03-29,152.22959048779907,119.23811399478843,94.10393021666013,87.30035560490037,82.04943192022654,118.47651191034605,104.54799920172275,80.54118465042191,68.80064641470914,129.08506676474832,101.8630779141088,67.39170448656456,86.87890873134666,73.85284651513727,104.12910162522738,70.6676199582979
2023-03-30,145.79434029015366,120.94884764273522,96.23575353688615,89.30661123248333,81.8625277975813,119.99598770470024,105.24920113263636,79.9209159417916,67.91655624741331,125.88926004704011,104.98257075983746,67.57672985870506,87.5997654637082,74.58656734307628,104.73297853369247,69.28225172433217
2023-03-31,144.52261160042167,121.01645462118582,98.05436251767809,88.73569683126227,82.4321399532967,122.04702395581558,102.95039026484365,83.69268021934715,65.4128079770832,124.79421027346191,107.56055476484025,65.49352159178387,85.4802969193028,73.84938761924862,106.85903460226875,69.83759017096094
2023-04-03,140.57543232929424,117.14712449404914,97.3963616775382,86.806581911713,81.26427047501411,123.37716898141859,101.93595289872302,85.43922591162179,65.96062085202522,126.13808426792019,107.73187630956336,62.64122260429287,84.163715589169,75.75283197610368,105.37701322784838,69.42719124652761
2023-04-04,136.13910484103522,114.10314015534213,97.58888692291241,82.28485445333854,76.4805158366284,126.02995168741138,99.45937988380464,86.50108725934838,68.93963295773038,126.0060085282958,108.38312253783593,62.06319497323967,84.58839690713656,73.66946709858189,107.67917858714611,71.77878405763612
2023-04-05,140.18989023403026,113.26975202379292,98.8854494442209,80.84293751362945,76.2470734975924,124.13730617362229,101.12200159760052,87.32836393915775,68.99204980636627,122.98618143910274,111.36691950954669,61.890080475129835,85.24489329253443,75.79907973468858,104.45189679191942,70.24773421443763
2023-04-06,138.6018358539141,111.59032525294879,95.1256317538527,80.44148078355491,79.03159725805261,122.45342051670838,103.34666353050123,88.21881343068516,69.40249935967877,126.52228383387778,112.02687775675777,61.29620446814833,82.77262576414893,76.11523892535801,108.34597618787261,71.38003525426784
2023-04-07,139.84965174073528,111.1032636867912,93.90392081193205,78.50407114031539,80.90722459432598,119.16711803567527,102.77308381562975,84.0934289356032,70.6360720501373,134.11792731155256,114.62194308004077,59.526236190803616,85.00814235337464,75.5001526996034,108.41682853554222,70.90426063925655
2023-04-10,139.72761424886352,111.2941081758928,95.8159110706705,78.27036576514361,82.90853895931605,120.5198406333933,102.90224274889358,83.53421806779879,68.45028307024154,134.81760002907356,113.80679231364894,58.95177184025238,86.258379192672,75.48529264536928,106.84434295351038,70.64539230740239
2023-04-11,141.4464125724312,112.81154005849183,92.88586876639273,78.44442074193363,85.53634112282411,122.92664612748338,99.27210872136774,85.3435857763921,71.44804581450214,131.84421638508468,117.63678683683911,59.36780357184791,84.77739936573415,75.30572933779926,106.07999637224277,70.34252623964184
2023-04-12,141.76085000102526,112.64667721020614,93.59813613930059,78.02809533641923,85.7518592291884,124.37884706519502,98.56071324906924,85.26489862508151,71.83190764580478,126.87432550937179,118.61956543937143,59.31900396540447,81.60490499947313,77.66178362540673,108.27956788006516,68.89163160170413
2023-04-13,137.32723814964265,114.05932536332648,90.50416983126541,76.79341497269841,86.20176563540231,129.73506857598647,98.4666213329164,82.3462665028902,74.84544066100901,127.73354737645901,119.23218678261082,59.608146562492415,81.33421331181592,75.62192943077416,106.74097355564255,68.8880166669006
2023-04-14,140.8327967097871,114.27759945565343,91.59316717046234,77.1410265823732,84.90639064364328,129.75584076216003,105.16572595448675,82.26312960733755,73.5083768968083,131.3470907061019,115.54051114484949,58.635444695167294,80.45662047789209,74.21626507247551,104.79134152549072,68.80084547762726
2023-04-17,139.1467919652089,108.80354397269348,91.5390482091878,78.02144907067995,84.26339449357675,131.98299360105628,102.31315659586835,85.86923753035752,76.9496197824287,132.95657356766577,116.40728400072797,60.39657027953598,80.708724083262,76.18700455735204,104.24383627834328,69.23780579735363
2023-04-18,133.87611879319192,106.31012417268211,87.94286499829921,75.94609406751671,85.5962796719503,128.46809120481606,106.15950249383306,88.61471596083649,78.47890060236621,132.98847420482863,114.04535700468077,58.66410182153703,80.00336993906897,75.08362789195732,101.251617552215,69.40505258181759
2023-04-19,132.49064070032753,105.95964705073102,90.56844163957383,78.69637627166355,88.23810783798508,127.269013592765,108.87105202415658,88.50400789617086,79.59536071451,131.08299511091033,112.27364716074655,59.40135240619249,76.11020353569808,76.81622323120607,105.99821765359006,70.8248219928478
2023-04-20,137.59725848134627,102.83399251592171,88.94703112656414,78.52620621598268,87.95741478606563,129.54023234958416,109.67046350030162,90.66161597129569,80.08642948270841,127.59058491296133,110.04119314823,61.20104540873328,75.39746570042901,80.17419920257076,104.53923072608697,72.50077473305963
2023-04-21,140.59543980428884,104.4192643770297,87.18957105330077,78.58679217247982,86.99912340879403,132.35914987027897,114.63413191960403,89.86166159200751,79.61425857040528,130.32031291226536,107.17884690938378,61.959873476848124,74.8460386241598,79.3967060389457,106.76742111559692,70.64248010341063
2023-04-24,139.41711147167183,108.52525967166824,87.65414982730809,80.0145911468387,87.0263757122336,131.4294080389675,115.74022405614444,86.14006245767831,82.0645798164364,133.3716585060399,113.05994792317655,61.66545378445099,76.0639710739121,80.78497052741817,107.36020539317752,72.21523084953338
2023-04-25,138.24656572678896,111.91638166854443,90.23477540564835,80.50661948410345,88.37078340419092,131.23372649630682,116.90682054417519,84.19730848442434,82.37775960568851,128.35455701263896,116.92137112203172,60.87462624613115,74.77022311509197,78.51177651750223,104.7813957946934,70.12592584721918
2023-04-26,137.18054744619712,111.35417957112996,87.99846260623876,82.47274099064428,85.26337881818739,126.38503257361337,116.78670017752839,87.57846848736109,78.4482169315562,133.5989478530088,122.70840560860492,62.49075544774654,77.99826523462772,80.03123254676477,104.79723284157454,71.18548702849577
2023-04-27,144.53426715310397,115.61712459003853,88.1607048229345,83.0917925166666,80.5308641316607,125.2995576411266,120.45044428873155,87.0067191395233,76.3103889799177,135.57082076371609,119.04939359850262,60.32485813528079,74.3806310126477,80.45536551256791,106.9035939108437,72.31867780759819
2023-04-28,145.96472875791952,116.08245624550473,89.13764541386513,81.85382186664775,79.453909201878,128.158388688502,123.8350141325412,86.50487300567522,75.97945272480693,140.440516970502,119.29743434903506,58.897058764557684,76.88222915848414,81.43690283225115,106.43355603551174,68.96502631498475
2023-05-01,147.58673691835799,115.14286008590298,90.72286252411644,82.62171871492748,77.08889869622541,130.05364718553386,121.94964532405758,85.88462216531218,76.5935538206344,135.84721548205835,115.5359956856592,58.33208057617482,76.47522141306706,80.15716101439692,109.6889603283947,69.14626144753873
2023-05-02,151.48295891339453,113.42462874614527,91.1512697862473,80.31684937129285,76.13863166419137,131.73122585626285,118.02860807805,90.09892267127539,76.50822161928596,131.32632217799113,113.57799260341686,60.18321862823629,78.15987489262794,76.91970879008886,112.56002241297149,68.36162228267224
2023-05-03,152.43569960218633,112.60395171622876,90.34581858533586,80.55928893652374,75.88061663693448,131.93482111462117,117.46642175974218,93.86496251191872,78.89930955687802,130.87739933221906,111.03401389424957,60.77556058051492,78.33946070457718,77.91694381293927,115.21033793940157,67.09720963747127
2023-05-04,151.49714979423948,111.54994075787074,88.52234272021532,80.51654345734254,75.0481615379709,131.99771346060257,115.1748670367709,99.24848810273822,75.165694021897,132.57262556036272,114.5631484728582,59.340177142102576,80.62754436053216,74.02170475070301,113.9281588235851,69.42269048062047
2023-05-05,150.80054434858755,112.05981546190193,88.73980755793606,80.12274334518277,77.84671879792502,129.87553537987407,115.02660414628949,98.88430753010186,75.45863525980819,138.70364868379272,113.46795293537077,58.899282412224096,79.87447049173444,73.4587919559945,110.92696400290856,68.31789838953875
2023-05-08,150.57601410960447,112.54432509406298,86.4187876689343,79.88965043293086,78.50877239191077,132.2041451654227,118.6762735011878,99.64772018648057,72.12748282316382,141.2161374078806,116.57442700124147,58.01901657708422,77.73384692123025,75.23030501479964,109.2711395909351,66.97452776571583
2023-05-09,150.48109744186786,112.58666666155266,80.35636781081446,76.2410542079724,79.12447360576576,133.64293854973207,117.3624317438642,95.96898865649291,73.53253457175983,140.4040832575421,118.38392559081221,57.01566781556979,80.56814757418421,75.61476628864519,109.84149105673993,67.12152201984931
2023-05-10,153.28948867458757,113.85739560835229,81.26255522025448,75.22487524188448,80.38900445734357,135.3375566196651,117.27202890521986,99.6085959022093,73.38110575144836,136.88831084266894,125.43954363036637,58.44571314586777,80.36400395018221,79.41284662982618,111.38392352436759,68.30237108131291
2023-05-11,153.53474046134613,117.33263163162235,83.14480332464225,75.42230749111022,78.15598038712692,133.60947856507383,117.47750140408806,96.77164001680025,74.17719344480729,141.20537039941593,120.9210451106291,56.49232367446838,80.83461891694763,81.49876610574792,105.52983602870273,68.08134682254689
2023-05-12,156.419713501534,120.18734814761616,78.39893908598802,75.74704974551253,80.23696934740917,126.64496658382383,120.0319082948323,97.3267004696106,72.61413958119604,137.88192771839306,124.82573490613105,58.828373800689114,83.39381313348518,80.20135585219592,105.54009085684002,70.11680755100848
2023-05-15,156.15122849037658,115.84224523694485,76.46760044915256,73.8479033452941,80.10916491385004,130.2058227981319,113.50936863374666,94.72148058855426,74.99686301766927,143.65425944744243,128.49367298097084,60.07717756469887,81.29424627376254,80.28021925986688,105.98982717782248,71.07508988598575
2023-05-16,156.50544955780396,108.70972779986319,77.68374116841316,76.24488367374396,81.48771570662296,128.69503224036288,111.8342505304406,93.36524171180744,76.99876654520634,142.6793522086955,125.44221253877772,61.75664432759086,82.53830717358419,80.2092614434472,105.28853281613605,67.32836636844141
2023-05-17,148.92395606941986,111.31224610016521,81.80868166888796,74.63398322334432,79.3569357757271,125.98667157746657,112.46026525042254,91.45870608360744,78.15374765898885,148.5117934300689,128.67933417424288,61.0643412186219,81.35441843155198,77.12169034733438,108.77552543312751,66.46297097413363
2023-05-18,152.42063061556038,107.60502125985336,81.87577941972903,76.48788579586653,76.35640219446341,128.22840566885748,115.92018980520709,90.10635449514962,77.92447428717144,151.09936312990345,129.80419882373667,60.854122420161595,81.11037749208666,75.35231105623683,109.96156118059064,65.55561803474004
2023-05-19,153.79279623972943,107.03417516964642,80.42323604853563,77.33233950832118,77.95713488193505,127.01596370514548,114.5377398318243,88.92671661163456,79.08605088471286,150.62793162744833,129.10683574275708,58.730005843120466,81.28145512429444,74.32560976447057,113.6570588290168,66.36587120515257
2023-05-22,157.72554572485407,103.9796650776588,80.08036788636849,76.11585207206707,78.71780439149647,130.4658082421668,109.32122389820383,87.74245728748481,77.72400833042622,148.72929743715434,126.51259374194498,57.98209226666076,78.31289994995615,70.65790979345705,113.07899503737526,62.16937468364058
2023-05-23,146.75288030001403,99.42920078411085,82.90560234907935,79.59404840704225,76.98557542237745,132.53361818106345,111.06141567852508,89.6164816102894,79.42816979493362,147.51135574424282,124.29578924495506,58.719717894167026,76.82586856213021,70.76308008871506,115.79525435581294,66.2799708514782
2023-05-24,154.6646853737291,100.81452164398164,81.60198070186387,77.27715696754923,75.35245419123943,134.85843093178326,109.34404450837812,87.20116402894593,82.79685776739605,149.14411872303,130.87064918559534,60.67168753709533,79.4889673044588,70.3449221329891,120.66284396152938,67.18590007169685
2023-05-25,154.17213110915526,102.77696871643403,80.01176887697945,79.09718251387433,77.52592253127362,130.37001486098242,106.17170228813022,87.70958754414184,85.068377561594,149.47691865261586,130.91215098350673,59.0330960223999,81.29406524721877,67.48384617861424,124.72266333190731,67.4566605169504
2023-05-26,158.55067893199978,101.33668908689089,79.07566245913094,81.12505173930425,75.27718248098722,134.42081307655448,104.55873613297709,90.44846077328636,83.5558535688952,147.31846992021678,133.53715384897544,58.51368085933226,81.19121293834061,68.1897032694645,121.39977669094084,69.4998447086613
2023-05-29,154.52820478647266,95.0090804650399,77.23648365141983,79.80022368881049,78.45646549072238,135.3422206467465,104.10873146212644,89.32222036021962,84.33953595160591,146.75373651681812,130.96200730486777,58.31026251221297,81.71071245981383,69.44189735327592,120.66850251281835,73.71570495311312
2023-05-30,156.96078272040762,93.74856515020436,77.49695842462026,82.65191054331011,76.73273214768976,134.13873633045839,102.57735852164916,87.75969256989762,81.68106460263506,147.08642598880868,128.4719942378758,56.32752853449829,81.13618588572145,69.85811493769843,119.66761440410964,75.36059574782895
2023-05-31,152.92698625593474,94.69975942555637,80.73366502417593,82.16149627753806,77.9905894231736,134.66084010142018,97.10356407063121,87.28155846192148,82.88316498758182,139.50521632188998,132.0341441762191,57.18359795478977,83.96026361651676,69.31522307098403,121.17664814216545,77.19269768677539
2023-06-01,150.60588166124185,91.2897642902209,81.41281009040988,82.78145955818901,77.37569468295985,128.85058032399905,99.33567135604278,89.92107376965647,83.84728015352209,141.1546639159703,127.69200480158294,56.174749002700175,83.56583967777,70.36884376153736,123.31082765581573,77.46855511857636
2023-06-02,158.0350989019316,91.73671387793586,80.92508055111755,83.34696234050543,78.57490666787187,130.2127643234912,102.58344969748899,90.38560502200815,80.0420116298783,137.78068278943016,126.41129130311843,55.91779082476434,84.0768172979648,71.59721052157626,120.78787464433249,77.2181065076309
2023-06-05,157.33072105038363,91.72912332482096,80.36096219799477,83.09250002410575,77.53655827567016,126.94265810891581,104.29930103697676,89.21994924910325,77.77398919019183,133.90490123478787,126.5568346360689,55.306135782697766,86.54648134443725,72.17120930296518,121.02920351621489,76.32794200868551
2023-06-06,158.23573505295116,93.09516130508153,77.30423520198234,84.81943070308681,77.24480946808822,122.75846387024775,101.40501208244812,90.33288572729829,77.24858308673727,128.41230847319216,126.94777837221443,54.241722178654214,84.90621879261215,70.71982169138131,115.10372571126372,74.7901568862642
2023-06-07,161.763858525227,93.4019029337394,79.05363037750436,86.544771550524,77.34707038823372,118.20964926903746,100.92576336616195,87.90390888686403,76.69274234807972,122.81742887578287,126.41858142462135,54.24844180786774,88.30679592468915,71.2319117064686,119.36455644436224,73.53863625203823
2023-06-08,163.83005746340498,91.1845062946817,78.9236206643502,82.86796606548727,75.45587249789834,121.58054270953448,100.93958782395616,89.44091692205454,74.43082396360845,118.76096161841076,127.71407425273415,53.973005860694236,85.01736531469203,73.41497489115272,117.8806832114253,71.11846674649675
2023-06-09,164.49663732627008,93.9816248713941,78.59189365176422,85.64039507820468,76.88944599036768,119.71876429123267,102.49274927195187,90.38636658017833,75.18070569723466,116.7094161777911,129.98451971803388,53.489618216922274,88.57915745115763,72.34976506977074,118.08084915388707,71.00499637353342
2023-06-12,166.05418541768643,93.63797750284458,85.14845386054304,82.17858765010146,75.93200620399246,124.4356299919148,104.2509078968924,89.72040575317418,75.67754349280654,122.58672044394119,132.43358876531124,52.54006610859562,87.7840391020561,76.26855189350266,117.20544197755349,68.09702705298523
2023-06-13,176.39036870489656,93.60215720278848,85.81253332031923,84.35283617897218,75.52194579123052,122.8167635568971,102.38561502998544,87.8853906896063,75.33348597238647,121.02192283259066,129.24840949861775,52.977333871628964,87.27920461250393,75.29546566539653,120.64821519248292,68.44335505706003
2023-06-14,176.18931546356052,91.47097705219497,84.24003603300679,86.78866805510364,73.68981191427125,117.72007594600085,102.62649275843062,85.9844584359966,73.94561934088725,121.5973847458932,128.37200401868427,55.22990650000058,83.27613172063079,75.37910325170533,112.41994155139234,68.40173600492889
2023-06-15,177.13046459152787,90.49002964784499,83.37190279525052,84.47890853134038,69.1381177873546,114.51392799879234,103.83759826927607,87.16797440604763,75.93271562544808,122.85778868779443,132.3038805046341,55.440023114631174,82.35935957558142,74.14465271097501,112.40698493771673,68.67406293421762
2023-06-16,181.89924030017622,88.53691707715238,85.82604355671607,83.64080865787552,68.8293681737165,118.1425265842321,107.71875192567406,89.91470601580274,79.16488309827947,123.29799225150462,135.3369482090083,56.855031844962326,80.2700795311123,74.5820396153583,112.14364679263693,67.80380387371359
2023-06-19,187.05282383576795,88.18139111406289,86.09525147679814,81.38483277623051,73.13052822770352,117.71827779181807,109.66566683938701,88.52002665994685,78.23708502321381,123.09643099945175,130.81002701144803,54.92942497937591,79.08362083986714,71.42473086856174,110.91228907945879,73.24718425540851
2023-06-20,192.744757765741,92.06443088679893,83.07944421246528,80.97301089801378,74.60152949302817,116.15054032297746,111.88401588610834,89.5671375192019,77.07196495960915,119.50828457868057,132.0041145194767,55.163042826094454,78.8362573864523,70.47747358275377,115.83831285817372,75.80336649035621
2023-06-21,195.90602315738158,88.98707541061277,85.0362837080979,80.37595330917546,74.58798983603134,116.65111615053738,112.15237390485053,85.0392409743706,78.04766945529623,123.9599940219348,125.67226683595429,53.68636223003117,80.7709846784453,68.59983332760018,113.33093054513499,73.50321464738771
2023-06-22,190.44433511406373,85.4945049369701,83.65276074577315,81.98256121697554,74.1216179050392,118.15911344580248,116.21244129182588,83.83053874064306,77.37541174285276,129.72785080707382,125.85756537776808,51.75576794846465,81.21564364233961,68.85298392897063,115.57353939568114,73.95455952709636
2023-06-23,198.44177577127292,88.72408292442448,87.68991292722687,84.7380111769034,74.18551212167063,121.54287796608682,117.44427626028062,83.79060523976274,77.12936849469486,124.42116884986937,132.01228803639452,50.82313166540848,81.86731284575544,70.60738540662953,116.64245920923778,72.86079410498246
2023-06-26,192.8932835919248,88.28747666189017,90.11693244926741,87.77321365910036,75.22975678112863,126.06272320996734,114.97753698827123,81.9311128065713,78.59243524970657,121.31271323484174,128.95940842939302,52.37603199708026,79.67945838845819,71.77849386650561,120.41586979375805,71.05744947591911
2023-06-27,194.41654333281022,86.8490411152195,89.14150305235277,86.57422771386868,73.06332524181013,124.97145737112577,119.11876587844681,80.0591828744939,74.95152333111503,120.50320620656319,126.3353166502329,53.650966174904646,77.96756942902277,67.66664829312646,118.4595563845596,68.73694967562113
2023-06-28,190.84204408975347,89.16325980211212,92.07011792558994,86.14842002368266,75.14988429525489,120.93269825028759,121.2517072115334,78.75735405622514,77.48614197113845,117.66750762888363,128.81024596302942,53.99408998312493,81.57812003086998,71.23221401783478,116.34354202833592,69.50455659203595
2023-06-29,190.5934514241005,87.84981252695647,92.25410918020714,82.62279972544921,76.52895067462171,119.72501230638,119.95210154237037,79.35857259770113,77.65035490853828,119.20110849750512,123.97380856299675,51.979898774621944,80.11643894316924,71.78152698950775,119.61151680017166,68.35111027618288
2023-06-30,192.2240643044605,91.98071389125661,94.27029811590964,80.9991707129471,77.93878825015565,120.54276204025061,118.55834296397838,79.01148731403768,76.87869512120714,117.08559505670448,122.06472615278219,51.74097731460302,83.52836456567525,70.42263139407706,120.92640820347174,70.04609025700272
2023-07-03,193.832740260864,93.58097181480758,95.44827600016353,83.00162677768756,78.82148768473226,117.70842459194543,119.47648499562797,74.73417394842397,76.73039681357706,123.63474954536483,123.93564943371389,52.14835126791451,83.04725138442998,70.72102260552916,116.37977084907138,71.82969809177473
2023-07-04,195.94688790624696,92.47416285700342,93.47794927250605,86.44857927466131,78.88381411328079,114.95972109399162,120.90428428708239,70.89642196208686,76.68136134520252,127.40810575406358,122.02248469476427,52.393417934381716,83.07692102870617,71.05453094357607,114.85564797272349,74.36206052638758
2023-07-05,204.07476548278987,97.62777085238825,92.01363991591138,83.84677752683298,80.2460543150497,115.98681405355073,121.5385504672031,69.84987784197057,73.45541613846758,128.1254313246269,121.34115957114275,50.048179521897964,85.355600660211,69.90075188644643,116.00527581342006,72.81603583918901
2023-07-06,206.46373544550846,96.18939546009618,94.4419959384708,82.63881204508503,81.46658586007172,115.88058299405463,122.52489294895523,70.67490090741937,76.27552356150483,131.49704408263324,123.65689091455386,48.96120186065922,88.13972836551079,70.26854944983437,118.49606778325833,73.70866354136257
2023-07-07,205.2689079853028,98.01999628618991,93.68297381224652,82.60905553767694,80.77293357956734,116.0104332403608,127.8826634177735,66.00317721060537,76.37727738553932,135.22389464258296,125.00445462842617,48.897498590632594,87.92226427284403,69.23022296156557,116.53585692703383,74.90582809257732
2023-07-10,210.33953219089665,98.7857947026306,92.77017996523685,83.21464339589755,79.64680197964064,113.8654792912174,131.39416915020513,65.2032703240204,77.25103307109019,133.37079697872753,125.87883705114741,49.572364660009704,87.09913800631237,68.55445997043962,108.37989601461511,74.04531308356832
2023-07-11,216.7532928022173,102.08413725779766,90.60842383946544,81.57177003800395,79.87383218164986,113.2454659235403,132.06148637970918,64.3703697128043,79.13450764382708,130.71609598632742,124.85359072447231,46.93812846413438,87.00355466152934,67.40852455954943,109.83982742715366,72.65214726185066
2023-07-12,210.2652043620815,106.17993216171415,91.60053971309627,82.46589160885848,83.05257124661377,110.69203644489403,135.24668192972428,66.66378647428073,77.16299259789119,131.01100689546524,126.05184675545931,46.76229516927978,87.76808291350527,65.05640773168585,106.57139893733911,75.65783186310095
2023-07-13,213.4931213436657,106.29680537532207,96.47658020441267,81.51921742948053,80.54339591903714,113.217059786033,131.83976543169385,66.04500005892653,78.10521039916016,133.90388211046294,125.70023529847623,46.943907835708885,89.77266285175598,65.31362171381551,101.36032101924435,76.11218416700257
2023-07-14,217.33369387181992,104.34469411491847,93.96402195565892,81.51421990260016,77.66525488367873,116.22036562392996,133.1978295387014,66.70040690225598,77.60762958928925,134.41052752937196,127.18530630301346,47.96606292193516,89.80909518389166,66.29623461820762,94.45972517232744,77.35518077636647
2023-07-17,215.78765481677945,105.58318111022895,94.04914363365506,82.65989911158418,78.00921871033648,111.01145520692994,139.40287496449574,66.9564549440226,79.29182320743824,129.25327386767273,125.65270943651959,48.818785033295704,91.23680783148849,67.17527124584251,96.43055157978236,75.80434802747793
2023-07-18,223.40527862240944,103.8405141752405,97.45814113767739,82.6979774536292,78.13196068426898,108.49408165618762,138.68663651832787,63.50243933552998,75.20775312270801,126.72295307083334,125.11803887989703,49.54986126961441,95.0798822069983,68.58702135165116,96.77014359469977,73.55059532587495
2023-07-19,222.63554903271995,109.23383785110533,97.29347529837865,81.8252190994049,78.49482840723738,104.54131929091102,135.81940873287965,64.75322461279119,75.04417710329594,126.52677047791634,122.09612666236083,48.58335333684826,96.01938939270853,69.1661671437378,96.25463263190007,72.5326856501327
2023-07-20,223.40260261426928,109.64021901540846,98.42956579059637,81.62578893779384,78.9987138854351,102.88705105230014,133.6632936988992,65.12238937813142,73.94388182384765,126.32554557656196,122.02591835422567,46.33422527748443,96.79946479741297,68.27158798363175,99.68574744386508,72.32983951958033
2023-07-21,222.5048148125778,108.67602734893387,95.8784636800172,81.47010791859876,78.58269549009121,102.70346398856438,130.110368432788,65.97495029103968,74.76972264349938,132.75108381514448,119.61263097578778,45.89492644289831,93.22059695883894,69.74078436085732,101.31716351196793,70.45197429155463
2023-07-24,222.65827948348718,109.21170409047762,96.93969300007682,80.74418145460005,81.58929804849473,99.07773212928095,127.6208846738774,72.80110048193973,75.67623164478856,128.26855165382446,116.36214700429825,47.0728015090701,87.31309409807683,67.43386566172263,105.52662919186974,70.45577033095752
2023-07-25,216.70377742902568,105.62658385532278,96.51616013664213,80.24753151907598,78.41188439510881,96.84949927608389,126.48216727164821,69.12581486886884,74.3715504924108,129.93909710917305,117.15218470317545,48.75616908457418,88.19143368099462,65.95222162196214,101.94617150716081,67.56381184983637
2023-07-26,209.1036512308932,103.12271941865588,98.95386256132142,83.5447303227425,76.82753287784226,94.47727084774212,122.1515091557807,72.19318597411126,73.08105270612965,134.9080836392754,117.81225616396456,49.6448898792789,88.00901291441299,64.40076830681767,101.88871396054662,65.71789918297101
2023-07-27,217.67272961751058,106.29625745897427,101.96589127153118,84.74995091711239,76.65246070375005,94.99658738340304,122.2358788086023,71.69775788747363,72.90101062140313,142.83354456702563,120.17681916740834,50.19568078666562,86.90970115121578,66.18322054634501,97.88206579061615,66.84951895862254
2023-07-28,213.17611622476366,104.5962521210767,108.8180747795027,84.15145063427536,73.58947314899716,95.18996980935826,125.06199073599828,72.23630067503562,71.30642576958681,141.4392070587524,118.92416393169304,50.68956009458078,87.46667965945795,67.78200031372012,97.35156282821838,67.88661389305047
2023-07-31,208.01992160618502,101.92476528066194,110.43954624499402,85.65623507613476,73.28864074621012,93.51586848091107,122.29249016217139,72.17580600428033,72.84515608044063,143.2305728062162,120.17960513049503,50.004700221019036,87.36090083658483,68.63340081103163,96.77738965459535,67.24495193912144
2023-08-01,197.17646697634896,103.33242977423905,111.37614723145009,84.96985376794241,76.41984254837783,93.95835574075228,127.06486877946193,71.4357885892885,72.1975317286161,145.32894189699604,121.88247643650212,49.85732857257552,89.88601161507599,70.51867406918954,98.3348734725862,65.57521758361129
2023-08-02,194.11000909453523,106.47325943651154,111.9522894962557,87.52501585326038,76.48269788991908,92.71077101087782,128.73648151124326,70.44647216100812,67.15686511406317,146.0847278624352,123.28227166948906,51.99732298701053,90.1067520834948,69.00613996217122,98.47648877144063,63.9315356342086
2023-08-03,187.8507586676292,108.43682022312416,111.00149132430381,88.36409330307504,76.94816909167008,92.11089947681042,132.13604697198568,71.05049913886978,66.55046964437057,145.76790298116651,120.79987801398866,50.801622146503675,88.46632928491096,69.6310343362241,100.05329614531027,63.35672446089594
2023-08-04,195.7812940847073,111.20428257399071,111.97837056198034,88.1538117175031,74.58414472275062,96.07504284994329,130.01972722849655,68.4265931135166,64.86427476713673,147.4095895898297,121.28817950148847,52.91028565890426,90.71077747059786,69.43430146887025,101.85894955783772,64.40517655635345
2023-08-07,200.847038715938,109.15283064774779,111.18780376279496,89.17280106740614,73.46572068512293,99.37902832440548,132.86709163083336,69.74362484602902,62.29088525045966,138.40842059528015,122.43409315485975,52.501778856150274,90.24677826340707,70.94131993156213,107.52917711136041,65.93702721682779
2023-08-08,197.48050257088084,105.37271688843734,111.69056350687288,85.76441428328472,72.80167787589447,96.23100257355162,129.32789098040095,69.04242400726547,60.41149763186204,140.8310043786083,122.49280968499716,54.28689507039059,91.47002433897676,70.75848436363906,106.71692940895959,65.14313071914802
2023-08-09,208.98254953716804,109.43569219508748,115.46554343387396,83.40722879392817,72.2473844724523,98.27747822863591,132.2781837324908,67.13929042239147,60.59513787461087,141.31833895375215,116.30201559289941,52.42651524593472,90.41191376047023,70.10182847136417,104.26692960968869,63.310395997732016
2023-08-10,214.2395733786055,108.58899800637951,112.63005473983529,80.97875664511417,74.62213806869057,100.3214772481741,132.88753128469185,66.40810427834184,62.66046318107035,140.57669281850087,116.80462076469156,53.21605223186977,88.98166844270195,71.07755397563781,104.94184422717542,63.75487427831349
2023-08-11,212.5705867245078,107.94256385091596,115.92060998307574,81.2930424364186,75.69253151982208,97.51178279854457,134.77873334602256,68.54893239913201,63.171944680885915,148.00184665735534,123.48453270110227,52.26050018419942,89.1958560544032,72.67342828612347,102.88885537040863,62.4744245702073
2023-08-14,199.75447015744675,111.62043282419309,119.83711393006968,84.91691509551458,73.64034547321336,99.55822620630049,130.91451545230817,67.65792228213057,62.239989091911475,145.56917462837384,122.41475683873657,50.45890039307071,89.25123854391485,71.490687018714,106.80431739408291,61.6887111196438
2023-08-15,211.59255762719528,113.21740102366951,119.51976122636442,89.81534250341826,74.11779613218472,103.49165267523219,128.05601819608853,68.28743590530277,62.97232281661634,144.15289410266016,120.24279589242882,50.7505523892746,90.35541724591893,71.40302946635288,106.08258555499958,63.78594398778795
2023-08-16,204.42950879729622,114.54950269925203,113.37890500843126,91.28688136821388,75.06926426671147,100.65786980205165,130.0213302439178,67.07100861403296,62.27238391876689,151.55723364742374,121.40677833243967,52.063248516701464,89.77753974782512,69.55927606634825,104.62457750073948,65.13817208475993
2023-08-17,196.24978225405494,120.95663902058769,111.70257978411611,92.46481576538872,77.26298071985428,98.40481819843436,127.01304728253224,68.37449906837848,61.218721065670444,148.48171225160016,122.39532403587398,50.99031746796025,85.7748495952869,65.36766757746383,103.43005607544644,65.41555642004585
2023-08-18,201.3918490324881,119.06197673216529,115.41850137795447,88.42031568679907,80.40114794727712,100.97079382376182,128.5309810565675,69.5772487374702,59.495101164991446,146.49758135005578,126.13774778121281,49.12953405026471,84.87728336298497,65.71579105033408,105.3360834346503,63.38721093962268
2023-08-21,214.12207966386768,121.89258104139698,115.38714625118025,87.25500416009275,78.40997090955607,101.6889544216126,124.24948596068835,72.8901015638243,56.96279045490476,146.0038926266277,122.2695265847791,49.03156346157379,86.60451494667365,66.743831522321,104.95297141662176,63.74221347987288
2023-08-22,221.72838427822495,122.10306726607045,112.57395773707906,85.5790337149889,76.85954470742257,103.13157442403342,126.95032689627,72.59265530683565,56.42713517730169,149.1498708766672,124.56309174879748,48.93918279577268,85.98884236297808,67.20270848725065,103.31377203983587,65.47795148063311
2023-08-23,224.94386148260185,122.96260794490077,111.19562468973152,84.2862825511712,74.50306123808205,104.04466988224752,123.13518295534753,73.83848851546277,56.667536610581074,149.97171474018077,126.45327851096579,49.629546427581694,85.48645674975157,64.02505612160174,107.73822971047753,64.88539927255675
2023-08-24,228.3820135940797,127.79047636963286,113.59125644255876,83.95790434569864,74.09067778428363,105.09741931839025,124.88462345702496,74.04194883564764,56.54777796248504,145.24632209947129,126.04251071634248,50.83709043089776,87.64699927374295,63.484975581715815,105.48832043124061,67.13466166979131
2023-08-25,233.3769865432401,129.46206621843226,115.18907107199074,82.9977309978161,74.98204447462382,101.69985932706315,126.89133268859084,76.50289653318238,55.97956622270228,143.36973604188537,127.15240668834511,50.77686488655989,86.12657743177319,60.07805172333028,105.61383667686887,69.3606088258412
2023-08-28,237.918535867471,131.25543567105075,114.53741888733224,79.01445218511647,76.87894491546497,104.4291511977586,124.73753085884947,75.1629026645284,54.68793310655906,141.25164264851017,130.50647686427646,53.20372528776909,82.89277990491917,62.1895579217917,107.38248057338168,72.32807967426578
2023-08-29,239.66883454615154,134.86280449371003,113.52589512954216,80.52989896578099,76.75613093702316,107.55997643515609,126.60378932988723,76.59891609313544,55.542541383190624,141.02151581907424,133.42382839431454,53.51886918227986,82.58534028040266,60.5419033127411,103.1220943084979,72.90400014381653
2023-08-30,240.36609140993937,133.67803440482328,112.4531857186137,78.42242781750784,76.16766867965228,106.97699846255402,127.46903818720037,76.24985348849766,53.75952929712494,142.57362952171934,129.7040424295764,53.073281272298075,81.61620537618923,62.490892883717365,104.39900872065596,74.0046775736838
2023-08-31,240.06226178644692,130.941929513125,109.92262986828112,78.91656279282758,76.48013446528323,106.89284883626993,125.80114562682022,76.1504348371191,54.829130895069845,144.11530503331701,132.43066335729443,50.99279968386716,79.6921972545722,64.00540758824637,101.71171503485732,76.69089437114025
2023-09-01,235.65036424829566,127.60425399973889,114.48698469167913,83.14143501454585,74.92236577126272,102.90942499775765,122.70567281441362,76.34821114367884,53.488475148739354,137.89788048099015,132.25633852125944,50.67425304292472,79.36736139257418,62.59921978583003,103.85669934096148,77.5767549185688
2023-09-04,234.07283372531654,121.51950613023513,113.60222972870595,81.27663469353773,78.96391077196004,104.2722848417287,116.86541126171286,76.8542377513262,52.50746405571408,141.65746701061474,132.53726489398605,50.26496323555294,80.37272355352324,60.86955858792575,101.41751243721554,76.63370397141371
2023-09-05,224.4399979635614,127.96796669769132,117.1472976213888,76.31743293567341,75.87592168664271,105.8059797652581,117.92681176347601,76.65423734610843,50.632096947381825,142.59752627776925,132.81986014457823,51.5017557000497,80.37817188046975,61.42349681129462,103.22024523058317,75.80190381976917
2023-09-06,223.95606878820544,124.52416124260137,121.72507257707987,75.79643694102825,76.25003779911033,105.67330028091884,113.43660373406938,77.08993406090833,50.016384839850446,147.66400579073778,132.36161710084565,52.11631194712423,81.0217123225115,60.158596218876866,106.14550432751997,76.27820757842709
2023-09-07,218.55443926577055,123.87443389776973,124.8387332996121,77.93501016447199,80.2308469868533,108.71840466272253,113.74143160530552,80.21621420397123,51.2662919908728,149.35774777088943,136.4052709307619,50.61731750445102,84.80481862400711,60.33102373897873,108.48877900470136,73.87860306455701
2023-09-08,212.67079368491687,123.05705261081094,123.53595693238701,81.87010965106907,80.26856403589898,107.84652645652213,113.02867222657666,82.2416536155897,51.94701008675906,153.57322572979018,136.16092235489126,50.851016912447655,84.10620900099923,59.6250490306656,109.20530738175964,73.63656976193074
2023-09-11,213.69350190578888,124.04361748188921,124.82659262913671,79.41563179414605,79.91208452323002,109.41240921320983,114.99861587612166,84.07344596233101,53.24930298487952,155.42155372125103,132.4425260476115,51.72744024828728,84.7189331797586,57.04536401189147,108.6082249645242,75.70585120119877
2023-09-12,221.32734649359355,126.63724844423139,124.78854003059232,80.43204797676388,79.2249244024235,106.69056243076722,114.16776106325692,83.14634810900205,53.96513979052747,160.78961487617596,131.18526217866332,53.75782209941994,83.67236660046818,53.96766714617436,107.08647134972675,71.69163726861686
2023-09-13,226.53528730234407,129.42978394377823,122.03746387336753,79.52567631400093,78.8921049877732,106.65975424289036,113.26528932013437,81.34271388728395,52.512253005811885,162.95156940715128,131.8121637370338,54.980401371904264,81.94512220704718,54.29066065797995,111.13131485549472,74.51766104679402
2023-09-14,217.87864021772782,127.5950515494925,123.06800152945915,79.33911283105154,81.67127682369649,106.22771499745282,115.3913653816826,83.33376245244544,52.09540777420762,162.6019444119379,135.96646531614076,56.05301556415192,80.77981262083661,53.549864858498786,109.23757945477364,76.66118470029463
2023-09-15,212.61808074161462,127.10119069852644,119.52924456047036,84.78679546667955,77.30091738708843,106.8598051010789,116.3969088437329,85.20455956491506,51.1044625998148,172.1585790545471,138.0734298351115,56.15412257623491,79.84267422315914,52.830360124354506,106.47375112615745,75.80781581841251
2023-09-18,217.74328732390674,128.04068245687318,123.16846476264458,81.68460563790403,80.34594835307892,105.90892952855049,117.35574503943779,88.4265014892052,52.84886291286397,176.08061877176954,135.209071997077,56.71892330415756,80.58761850588017,53.77359910638811,108.29215458176778,76.86773127149534
2023-09-19,212.52393195209288,127.2852673285762,121.78261584854975,82.22908323776966,77.55929473067431,105.5930711008048,118.77626142347025,87.12746833738521,51.30645027140706,178.67804621717107,143.9191969577859,58.536209110328066,85.48764955224549,55.391086134605736,106.18993069539415,76.89684606896515
2023-09-20,211.3971885653143,132.54396561662463,122.43332663687096,83.22113811648823,77.0670967586436,107.82870830524129,114.33723282004557,86.65489301430091,52.48140533645408,173.11878051531963,144.91848220171346,56.63493873924723,83.99613869924427,55.03146225481434,103.72858232015531,79.3219289131279
2023-09-21,214.38856152984033,134.2211456293535,123.34049788610928,85.53674396332754,76.26737957630993,106.6897220404176,116.5560159688117,83.1999194119953,53.682269470962986,167.68215636286428,149.65851933369308,56.159176929426,83.1507476583351,54.58123241519919,100.08177439597826,81.31916332584748
2023-09-22,209.32361788137283,136.75085927162107,122.58150821535992,85.77225761759811,77.42108427315092,102.52025618595528,118.38993389583348,82.41229208423248,56.21160749260182,168.96441795187803,149.1366948129668,55.10144192621104,83.04454262274122,55.28456031111817,98.910445495519,78.54564587911639
2023-09-25,209.93875660764857,139.07769815899735,124.43002714542021,86.46129696738502,74.41116824046527,107.13610098199653,115.45335814865723,84.51667602781043,55.655511406501844,169.63111676762662,151.18394607375777,55.64291260706445,83.89550976674161,53.45660918666928,98.73573860812193,79.73124106976817
2023-09-26,203.11355677273957,143.26120937332863,122.99834937047254,85.64455634042444,75.29851082008149,110.93410206780905,114.78543591755074,83.56180016623811,56.672504505514375,167.09677137673228,154.43665217312363,57.39804637316608,84.47544187879008,53.771796869411205,99.36741742134797,79.34621898218762
2023-09-27,200.14278253532814,143.95419258572838,125.74466315582869,86.24860132445623,79.23103661958255,107.43970243030216,114.70710068677501,84.9360376285144,60.01715629952255,167.73706790443126,159.26012341459338,56.564744942720026,87.25747740416577,54.53519413797409,101.7894967543624,79.53455729922906
2023-09-28,201.8097804627625,139.40374222933843,121.62029751552849,85.53742781372684,76.59936205528626,109.34111355040277,114.35635674889579,84.55784844224715,59.1152789310309,174.5852837951893,163.57524023180133,53.29957199787078,82.1464357589648,55.48718052071625,103.17012983662623,78.12321913290373
2023-09-29,193.9888589895791,140.84592212732477,122.04177027633295,86.90306739294249,76.98660168652806,108.00722342392086,115.34942599115936,85.27124751219154,56.90671860414851,177.70029876824418,167.23131844609674,52.768941182559914,77.41110221654723,52.880423007706966,102.70980309665836,81.63766525056342
2023-10-02,196.19569362270917,138.61254843072518,128.1416881549815,86.12959419159984,75.74571295975413,108.75365611214688,119.58772206375592,82.88424849891393,54.310260073225514,172.75479233709873,165.9689671682584,54.004081430569116,76.48030490771403,51.89898915269738,102.23281109958113,83.81334851212246
2023-10-03,196.15823461767303,136.83382079031867,125.01432207143117,86.97150889525076,76.57947024458973,109.58942603217952,122.90286723352261,83.08592176098891,55.30321041904299,172.32556079334006,163.6626300311993,54.75125951813358,78.63097927861821,50.78711759802977,103.57610027739965,82.30221374679
2023-10-04,198.94609365288247,138.8961182632544,122.95085012657891,86.93398266958722,76.63912547551838,108.98177833796434,118.97208268142391,77.12263945475513,52.775771180387544,168.94299004873722,165.07870543706608,55.35710575605606,75.63540997181956,50.92937686500774,106.95635616892474,79.6253684065455
2023-10-05,200.12291548814844,143.30616848880408,124.57804404241905,89.44288516428851,75.44248290223321,106.89922362793776,120.87302519147501,76.78616425985129,52.30250307729683,167.36362208375482,169.02566454872695,54.987462075298346,70.17792135183892,51.56063636355089,107.32683590195487,78.88498652388434
2023-10-06,207.1276491904357,143.42541863197283,125.1761473118903,89.35484131871327,76.39118860937215,105.10112995852595,124.99377661952391,73.74127181645403,52.893320248060306,165.6916335275813,168.1375756743811,53.27298893801525,71.20857425240983,53.54252941159573,106.1072578058698,79.77047839059802
2023-10-09,207.83944415483126,144.58043475965243,126.31612284036922,85.50626192841123,79.93997654917433,102.75199109155018,126.24622440891262,76.02121931868109,53.154695649604555,163.7739776031049,172.7269193096149,53.97990170375532,71.66515646480444,52.89993675819702,103.53697534184609,80.27503188141047
2023-10-10,205.68188754290287,150.9111673847511,127.90878012321312,88.2732970056872,79.58323579939308,100.66746669764551,129.7758423661157,77.53641420333562,53.739192101814695,158.76242582246283,179.1686005224251,52.88156240597092,69.75921010380843,52.26164991689498,99.8929054859733,82.85457459579608
2023-10-11,206.37361220220174,151.86776843573898,129.99362246449434,86.32285044015954,81.05252600367457,100.52869596689709,136.51239738149386,78.46984895381559,54.05487941768881,158.3040483656452,175.16339813327636,55.86606667958207,68.08187101390413,53.801676660775364,101.60120636827725,84.5324049009436
2023-10-12,209.2585624619018,162.12250863472494,133.69056154472045,84.94892416618399,78.49740679165804,98.77546253737594,140.09323601174512,81.53559039808607,55.82777254016184,156.14769929017262,171.5879948143602,56.685579008255225,66.47110709505559,54.21833063382743,103.11087564874528,86.63242572103701
2023-10-13,209.57719206887947,164.4801701467097,135.1078507259948,83.71838872287458,76.66572061089745,100.50430080535232,141.01142103586585,79.64798229583407,54.53068396780425,145.16428954906812,171.0381870827385,55.8854260970317,66.6750457619548,55.98088776789616,104.64136789307051,87.36943971115545
2023-10-16,209.85292376833,157.4441744880982,134.335702875327,86.67102275984648,77.59979902238493,104.34280437924926,144.78763739556203,83.22941107450505,53.63161216169146,152.85510293253077,172.4103109178516,55.05424661003539,65.65888132290355,56.40334936803247,104.33662739370395,84.41229726712156
2023-10-17,206.26404712031405,160.48564322654525,136.6545563353376,82.18951575340093,80.55721988782689,102.87146985541142,145.3566379992735,85.21739442876134,52.62136348697845,157.11997325183845,170.21510984647944,54.94295119918493,66.49484810006327,54.811532956993716,108.10422872114687,84.02552568856377
2023-10-18,202.93477199928637,162.07082772914504,143.34485539936531,88.92305646358258,81.30098008938913,103.5200647286475,145.48716521120812,84.74033434915643,53.74104145576265,155.69549681672694,176.1204359484904,54.6313474947064,61.93334994366643,53.03077568674897,106.83577903564576,86.30805003684964
2023-10-19,196.00094397381213,167.43199465116993,142.91320095440776,91.32941194747688,80.69136924649263,104.85281278983376,144.25787768347968,87.20678996534515,54.980960206539784,155.81550272315985,178.05094687081953,56.19505098906309,60.638955057264695,51.028515919108195,109.45074284856278,86.22281348144514
2023-10-20,204.82560176928524,170.32473154474692,139.51529363153116,91.86810019273341,80.71415043584511,106.12924465276117,150.05289258756196,84.85338260996008,55.62137557821456,151.36305273489728,178.2800990956238,56.47449365977556,58.973380271736964,51.89569859374487,109.3775915616892,87.34030668355591
2023-10-23,198.61381539354176,169.78711726119377,143.4736283507344,91.76963823635194,78.25351219736783,106.3628670663331,147.05800967036836,83.14715606678524,57.30884196730851,157.9651352572508,172.04536049010255,55.467557656029854,58.61423840703507,53.47695580970322,107.75900187291165,86.67308103455326
2023-10-24,195.26149947843206,164.7184981387723,143.08540856371795,92.45484439530624,79.46896720912343,108.3886721102042,152.84683257169698,81.91623981394703,55.662345790545956,165.68801016396603,166.5278845900482,58.16939284252962,57.84843782212682,56.0242639724092,109.39996031553514,84.49548114272618
2023-10-25,191.84341674751997,163.90915863293463,135.5614409106422,93.69533648818008,81.26577225571897,109.73625517572619,154.81532094231216,80.8643303803872,58.04882710299511,166.38824890365018,167.7522186457556,58.25861791358331,59.03157934403386,57.234823490591246,110.55923384275886,84.26060643659046
2023-10-26,196.24278878566668,160.50889349663754,138.50556674595913,95.24750381379486,80.37656584585942,106.42475886902108,149.53796011064645,78.77997780103652,60.32010524876738,170.75199334333647,159.09048223425205,59.40705678557469,56.367295570295404,58.940795845829875,111.58378561351725,84.9396190383133
2023-10-27,194.85951616160676,158.2437025601494,136.70527255951143,96.60871153114282,79.46141917145985,108.79519257838051,150.96401644207774,81.25041691318239,61.45812314887574,171.55335771196778,163.2183779630544,58.52812206154038,56.44836979577767,58.10972720085733,111.84429823426527,83.5836934651432
2023-10-30,201.09399203160717,160.63757268223128,136.4371380201512,96.85436278520761,80.01535599312032,111.26885819175187,143.28574367512942,80.75053540042487,64.27694357921004,165.96488103262,162.6230913329208,59.079574079669925,57.25899923910902,56.47074272331667,111.77192182355304,83.11753294424689
2023-10-31,197.79579402770324,167.53601426703239,137.61548967677277,96.4066299973701,79.17024808619445,109.1984933344827,145.58768402405298,81.4897476505846,61.687752537005636,164.3142284477553,176.41029867648683,59.55873676881771,59.997386800254816,57.70100894661911,118.6846152104944,81.21249256440218
2023-11-01,199.2399763004376,169.24800542695715,138.31393343284887,96.07154199782954,79.06317823893339,109.33490687901049,148.89023126285997,80.36015208373018,60.902498953329044,164.90652873621863,186.9442474931553,56.82757969542076,59.296889954504486,58.32417530994242,122.28765516663633,83.54205916268914
2023-11-02,195.18080476987382,164.3121628159312,140.8312375775184,95.6332378663072,83.34930760888788,111.25211550255057,146.7455937379093,76.80758128741003,59.811121449023254,163.09210913231655,186.153984323478,59.78194209278791,59.79776727828398,58.49859796862188,124.55492347370591,82.95421371919038
2023-11-03,205.99565186556356,166.19854321052694,139.34809979731176,98.41219098216575,82.8610128008587,110.704677330423,147.24371292566386,77.3510989116898,60.91799431148597,162.25169396157654,185.7154714044059,61.76085534906592,57.178145515009696,59.08559023415768,124.94101550577167,86.04820842489539
2023-11-06,200.02954900150786,171.29700209454884,141.18947217357103,99.9133795919862,82.14665749358876,113.74857636992178,154.66215004925786,73.7623478393664,59.35729839900223,161.9299455830668,190.45297557302837,61.16896005928396,53.8753394367474,59.58278628776815,128.1652798746044,89.427335220868
2023-11-07,201.64538167879766,168.75607543147774,140.3183957360413,92.86008432416465,80.85178071233462,120.70956302768549,152.76478618328542,73.65798523258631,60.5102313771544,161.65134823371386,198.79708516303236,59.52421048923965,55.04176211308873,61.5446011043685,129.87475323582422,89.27310345685484
2023-11-08,204.92725047457543,168.24208132677188,142.97708285829788,94.42363476454683,82.3948067423509,118.39632745746407,148.81839001619807,71.2022687525807,62.638234599665935,161.91124372457938,190.87789024779192,60.061688103678826,55.05062414605823,63.588763028636876,129.998858314912,87.07667314971519
2023-11-09,207.12034846195135,168.354370718323,145.237240210446,94.91291765499177,82.0469632290855,114.41264302525063,154.48056393372414,74.85153230955048,63.75553096514689,157.7218723335566,182.59571821287292,60.21006985107971,56.71371213842339,64.47917359134364,129.0547276949744,82.6770111184312
2023-11-10,206.22500425625404,165.13257721408135,141.92270483260526,94.897000298647,80.74996104350792,115.3195595838628,162.29780797239482,76.59950774710876,64.22867204784899,154.96631588953448,179.83210196809114,60.766055496683904,54.81593552471761,65.87686735593302,128.83256642833138,79.71363556831389
2023-11-13,205.61845863256266,167.88104453859577,145.87238004020426,94.00792946403931,83.48692898288336,117.45392350716514,162.36150479702223,76.82533704839207,62.68065595551676,150.1137244473633,182.52590138108803,61.07610870912122,55.549721324723244,66.74897338950075,119.0511203039858,77.04539447013113
2023-11-14,205.90555559834763,167.42440846685633,143.97404553785594,96.71630018313196,86.52904652861582,116.81301067623579,166.56938279237926,79.31499177588192,61.385988478076555,153.87468825815898,184.8627999577144,61.87256056821443,58.22407595676267,66.00362560512646,119.71548918524823,79.77072060401173
2023-11-15,205.21178545757252,169.24041326978113,146.9561861524826,99.06439708423572,85.26547004000969,121.17138804737803,172.3020142748764,77.67778139389078,63.35298856200558,146.02785409937886,189.93049975227183,64.17151607740088,58.85587069403816,67.28408907545861,118.29790980524702,80.02604483150681
2023-11-16,210.27990487349948,165.57644033462958,148.35627905638069,97.19780924393851,81.40250672335083,117.21863058629447,169.183974302487,78.7640163449717,64.61882688380608,150.3456751185877,184.37390281750592,65.108949804727,59.28202398955506,64.99831939371006,123.14011485366225,80.8335623730731
2023-11-17,222.29439314021823,163.82462662452497,155.3796168644937,98.2214359021124,83.5039478105474,119.3026801079766,167.19387752018497,79.1821985713979,64.57519238162767,155.69451940803657,174.05340539543096,63.441652808951886,59.31249697086175,66.75363167306024,123.2366454815018,76.49166112303334
2023-11-20,219.2834760521464,166.8601505550134,154.5603467864962,95.89300717853124,82.11150694111079,117.54453389070592,172.47045477009456,79.73048504396229,63.923213855155524,154.56911828734223,177.8805992648383,65.65965786870093,57.045431194678606,64.80907432237464,119.66334819474697,74.25703860619073
2023-11-21,211.9648013450695,165.3617024860623,153.26243205900647,92.6697972073142,83.7757682721389,122.74410256805233,179.9450096147226,82.33208184491771,60.78465563537999,144.87378812551768,174.28774282084873,68.42922951896745,59.02949960547998,65.29338383102767,119.55008018400575,75.9450128767869
2023-11-22,211.56095881103437,172.70920896922863,153.23400602438082,91.25654141654587,79.77348721193152,129.05189433019777,182.5498567854205,83.87882100073276,59.19671628750843,143.6141475938094,165.76074129022996,74.06191879904284,58.152325598988,63.947463446544816,116.4989590173888,76.5143967895381
2023-11-23,225.72239684937702,171.04358423521234,152.12259009050362,93.27335784766106,81.59811345323664,126.63997148450115,178.63202518989743,84.51180609636155,62.11276661755857,143.42691015968677,166.41289589938714,72.03226423577735,58.90806172468685,64.85776148005738,117.92130826415989,76.25620463860156
2023-11-24,221.29884934753866,172.05866955906106,155.24201046260714,95.55123918715512,79.18816406470874,124.94945081150719,187.786277159057,81.1110380307127,60.17398765256369,139.8905894404499,169.79662833317326,72.4927229237488,56.66757031634876,64.82222069460339,118.81779758079112,77.36386750150014
2023-11-27,230.62475850594018,176.17015037819561,149.1388113237585,96.8138221695195,80.67235463459362,127.70194056198272,185.36562390110942,79.21121548332404,60.477848389565224,138.1417253203943,169.33008720577277,68.8364716572801,55.037545808805355,62.307360044839044,121.73386137948103,80.61742269363566
2023-11-28,240.57562471995078,170.0837815359222,145.30506536614553,98.61438759407658,80.72535979643663,126.5099160617096,183.87419033352163,78.99228386428214,62.03900219951104,143.5717676541759,167.45317819552724,69.81594657863855,57.065103822808574,62.98502806286156,119.38638344778225,80.19721006247755
2023-11-29,237.3402538916926,162.80789181455316,141.5199021403838,99.92517210577064,78.84660753625803,126.40428892258977,185.51026573791557,79.20064830449036,60.14090275259088,146.02213389858298,166.8374063080063,68.88630812040995,56.5887516385722,62.100188783805436,119.52378095555648,80.36051688812682
2023-11-30,240.81267737484572,156.76212359777605,144.96582835954584,98.36495449012222,78.07175817629576,126.52249557629955,192.91780781205475,77.01724758128472,60.437389819814044,142.72848361054653,165.34846468871632,72.30140646115748,58.70014036507695,63.5023997772336,115.54843705574143,80.7726077497662
2023-12-01,250.89368270862767,161.8377228907807,151.34520939544853,99.46269514342767,79.44669882819406,120.63003432141495,197.139900467159,81.82814932770414,61.8898281227309,137.18139898146026,159.9168473958768,70.93601034072321,58.60302706116015,63.52355863182477,117.62800913794615,85.77611912989825
2023-12-04,248.6014672244477,159.6681611926548,150.99581965263758,101.5034602275253,79.68120236952277,120.62449226436655,199.25497158699775,85.01529314022848,61.92774620418565,136.1052790901126,157.1321167499538,68.02318696979462,55.98248686436962,64.17388574222052,119.19954762819576,81.41477188415213
2023-12-05,247.41363509614135,170.26442182417284,150.40499297433237,103.46673623940717,80.87817641442938,118.59794462380009,201.6366836341673,86.33060045883217,66.551654001309,135.42151910703768,159.2410285239256,67.2466389225647,57.26219296153722,62.67465503056289,120.72244709461242,82.84217608336274
2023-12-06,243.91493785310686,167.92987157648494,150.71383600693562,106.62020203975293,85.00032179155409,117.17998493237857,201.91672275966565,86.51216493579074,63.85171337995781,137.15302282481443,160.574967476562,64.02539772583667,56.44085576802371,61.77654947662037,120.76355716251828,82.62954039340637
2023-12-07,237.8762619951595,168.75707313397263,155.2023688087114,108.55756687176523,81.76497733384652,121.52279831342977,204.81534900984877,86.08023400746289,65.58399121559574,135.37034782172896,161.29942425975068,65.25856686067777,57.45261434191118,61.09059145057353,122.05892050876513,83.83382298482871
2023-12-08,234.11646196774805,175.44278749124848,151.6910736075256,109.54843801126334,85.16404317958398,117.80011097279086,192.32176616055315,84.08110371100219,65.3208699560731,137.1536498308723,157.38321697391424,61.99354423068787,57.50608575007627,62.4318417854535,127.09214325768639,82.49207497175507
2023-12-11,227.12946506638642,184.52137579930877,152.64351977992595,112.55258826538264,85.4121373972695,120.25558381139656,190.95821763436615,84.26940476737158,66.61365524621196,143.99530285695968,156.71770422763518,62.05627867260054,55.34646692750441,65.1250883987261,126.22739522725111,82.41587713294845
2023-12-12,227.3912886965414,194.33877600486727,156.45762515496054,112.51173554840861,83.5394197756594,119.455661574385,192.17140278917034,84.8396224770478,67.3728601918549,147.005236053538,148.46058445836135,58.93271670589114,55.590937577996115,63.84642329792278,126.70368026846846,83.9199498498592
2023-12-13,223.12294480279328,200.35926096382943,158.47748960028548,110.09137094023738,80.83101759049991,118.65869529640479,186.7764308319074,82.27099911730433,66.16908527869218,146.8726658773033,149.169227289454,58.48024197848463,58.74615906817083,65.60827079964187,123.3465627222009,90.738897269207
2023-12-14,224.49817754694465,205.61667267829313,159.2781591226499,109.67637585498878,80.47388832440348,121.06293845202629,188.64565753307357,82.98609601796154,66.56895141894154,146.24557527093845,154.640467459026,60.951191657275714,59.492510744375025,62.162991569414515,120.73420209870966,92.61832592731832
2023-12-15,215.99822675076913,208.74779416824975,163.36357763866545,107.68512136039475,82.37434290878821,122.13315026693363,187.7401164118442,82.68941488377149,63.56676288821953,144.99081603747962,149.08991114830917,61.521678240232106,59.42485011343142,60.35266446614855,121.06611300114758,90.7025422824847
